{
  "$schema": "http://json-schema.org/draft-07/schema#",
  "type": "object",
  "required": [
    "id",
    "domain",
    "formula",
    "parameters",
    "results",
    "metadata"
  ],
  "properties": {
    "id": {
      "type": "string"
    },
    "domain": {
      "type": "string"
    },
    "formula": {
      "type": "string"
    },
    "parameters": {
      "type": "object"
    },
    "results": {
      "type": "array",
      "items": {
        "type": "object",
        "required": [
          "x",
          "y",
          "error"
        ],
        "properties": {
          "x": {
            "type": "number"
          },
          "y": {
            "type": "number"
          },
          "error": {
            "type": "number"
          }
        }
      }
    },
    "metadata": {
      "type": "object",
      "required": [
        "author",
        "timestamp"
      ],
      "properties": {
        "author": {
          "type": "string"
        },
        "timestamp": {
          "type": "string",
          "format": "date-time"
        }
      }
    }
  }
}